泻懈褌邪锌	k i t a p
萤泄	酶 j
邪褌邪	蓱 t 蓱
邪薪邪	蓱 n 蓱
褋褍	s u
褍褌	u t
褍谢	u l
褍谢	u l
斜褍	b u
斜械蟹	b e z
褋械蟹	s e z
邪谢邪褉	蓱 l 蓱 r
屑懈薪	m i n
褋懈薪械遥	s i n e 艐
邪薪褘遥	蓱 n 扫 艐
斜械蟹写訖薪	b e z d 忙 n
泻械褕械	k e 蕛 e
斜邪谢邪	b 蓱 l 蓱
懈褉	i r
褏邪褌褘薪	x 蓱 t 扫 n
泻褘蟹	q 扫 z
屑邪谢邪泄	m 蓱 l 蓱 j
泻邪褉褌	q 蓱 r t
褟褕褜	j 忙 蕛
写褍褋	d u s
写芯褕屑邪薪	d u 蕛 m 蓱 n
萤泄	酶 j
泄芯褉褌	j o r t
斜懈薪邪	b i n 蓱
泻邪锌泻邪	q 蓱 p q 蓱
褌訖褉訖蟹訖	t 忙 r 忙 z 忙
懈褕械泻	i 蕛 e k
褍褉邪屑	u r 蓱 m
邪胁褘谢	蓱 w 扫 l
褕訖一訖褉	蕛 忙 h 忙 r
懈谢薪械	i l n e
懈谢	i l
胁邪褌邪薪	w 蓱 t 蓱 n
屑訖泻褌訖锌	m 忙 k t 忙 p
写訖褉械褋	d 忙 r e s
褍泻褘褌褍褔褘	u q 扫 t u t蕛 扫
褍泻褍褔褘	u q u t蕛 扫
褍泻褍	u q u
褟蟹褍	j 蓱 z u
褍泻褍	u q u
褍泻褘泄	u q 扫 j
褟蟹邪	j 蓱 z 蓱
邪谢邪	蓱 l 蓱
斜懈褉訖	b i r 忙
泻邪泄褌邪	q 蓱 j t 蓱
泻懈谢訖	k i l 忙
泻懈褌訖	k i t 忙
斜邪褉邪	b 蓱 r 蓱
褌芯褉邪	t o r 蓱
泄芯泻谢褘泄	j o q l 扫 j
邪褕褘泄	蓱 蕛 扫 j
褝褔訖	e t蕛 忙
泄萤褉懈	j 酶 r i
褋萤泄谢懈	s 酶 j l i
褌褘遥谢褘泄	t 扫 艐 l 扫 j
泻邪褉褘泄	q 蓱 r 扫 j
褟褉邪褌邪屑	j 蓱 r 蓱 t 蓱 m
斜械谢訖屑	b e l 忙 m
邪遥谢褘泄屑	蓱 艐 l 扫 j m
泻懈谢	k i l
泻懈褌	k i t
斜邪褉	b 蓱 r
褌芯褉	t o r
邪褕	蓱 蕛
褝褔	e t蕛
褟蟹	j 蓱 z
邪谢	蓱 l
斜懈褉	b i r
泻邪褉邪	q 蓱 r 蓱
褌褘遥谢邪	t 扫 艐 l 蓱
褋褍	s u
懈锌懈	i p i
懈褌	i t
斜邪谢褘泻	b 蓱 l 扫 q
泄芯屑褘褉泻邪	j o m 扫 r q 蓱
褋萤褌	s 酶 t
屑邪泄	m 蓱 j
懈泻屑訖泻	i k m 忙 k
褔訖泄	t蕛 忙 j
泻芯褎械	k o f e
褕懈泻訖褉	蕛 i k 忙 r
褌芯蟹	t o z
褌訖屑谢械	t 忙 m l e
邪褔褘	蓱 t蕛 扫
褌邪褌谢褘	t 蓱 t l 扫
褌褍褉褘	t u r 扫
蟹褍褉	z u r
泻械褔泻械薪訖	k e t蕛 k e n 忙
褟褏褕褘	j 蓱 x 蕛 扫
薪邪褔邪褉	n 蓱 t蕛 蓱 r
屑邪褌褍褉	m 蓱 t u r
泻褍褉泻褘薪褘褔	q u r q 扫 n 扫 t蕛
泻褘蟹褘谢	q 扫 z 扫 l
褟褕械谢	j 忙 蕛 e l
蟹訖遥谐訖褉	z 忙 艐 g 忙 r
褋邪褉褘	s 蓱 r 扫
蟹訖遥谐訖褉	z 忙 艐 g 忙 r
泻邪褉邪	q 蓱 r 蓱
邪泻	蓱 q
泻邪褉邪	q 蓱 r 蓱
斜械褉	b e r
懈泻械	i k e
萤褔	酶 t蕛
写爷褉褌	d 酶 r t
斜懈褕	b i 蕛
邪谢褌褘	蓱 l t 扫
覘懈写械	d蕭 i d e
褋懈谐械蟹	s i g e z
褌褍谐褘蟹	t u 桑 扫 z
褍薪	u n
褍薪斜械褉	u n b e r
褍薪懈泻械	u n i k e
械谐械褉屑械	j e g e r m e
褍褌褘蟹	u t 扫 z
泻褘褉褘泻	q 扫 r 扫 q
懈谢谢械	i l l e
邪谢褌屑褘褕	蓱 l t m 扫 蕛
覘懈褌屑械褕	d蕭 i t m e 蕛
褋懈泻褋訖薪	s i k s 忙 n
褌褍泻褋邪薪	t u q s 蓱 n
泄萤蟹	j 酶 z
屑械遥	m e 艐
斜爷谐械薪	b 酶 g e n
懈褉褌訖谐訖	i r t 忙 g 忙
泻懈褔訖	k i t蕛 忙
褏訖蟹械褉	x 忙 z e r
谐械谢	g e l
斜械褉泻邪泄褔邪薪	b e r q 蓱 j t蕛 蓱 n
一訖褉胁邪泻褘褌	h 忙 r w 蓱 q 扫 t
邪褕褘谐褘褔	蓱 蕛 扫 桑 扫 t蕛
斜懈泻	b i k
斜懈谐褉訖泻	b i g r 忙 k
斜械褉邪蟹	b e r 蓱 z
褕邪泻褌褘泄	蕛 蓱 q t 扫 j
斜懈泻 泻爷锌	b i k k 酶 p
邪蟹	蓱 z
褌褍褉褘	t u r 扫
薪懈谐訖	n i g 忙
泻邪泄写邪	q 蓱 j d 蓱
泻邪泄褔邪薪	q 蓱 j t蕛 蓱 n
薪懈褔械泻	n i t蕛 e k
泻械屑	k e m
薪訖褉褋訖	n 忙 r s 忙
泻邪泄褋褘	q 蓱 j s 扫
薪懈褔訖	n i t蕛 忙
写邪	d 蓱
写訖	d 忙
写邪	d 蓱
褌邪	t 蓱
褌訖	t 忙
谢邪	l 蓱
谢訖	l 忙
褞泻	j u q
斜邪褉	b 蓱 r
萤褔械薪	酶 t蕛 e n
斜械谢訖薪	b e l 忙 n
褌褍褉褘薪写邪	t u r 扫 n d 蓱
邪谢写褘薪写邪	蓱 l d 扫 n d 蓱
邪褉褌褘薪写邪	蓱 r t 扫 n d 蓱
褟薪褘薪写邪	j 蓱 n 扫 n d 蓱
褝褔械薪写訖	e t蕛 e n d 忙
萤褋褌械薪写訖	酶 s t e n d 忙
邪褋褌褘薪写邪	蓱 s t 扫 n d 蓱
褟谐褘薪薪邪薪	j 蓱 桑 扫 n n 蓱 n
泻械斜械泻	k e b e k
褕懈泻械谢谢械	蕛 i k e l l e
泻邪写訖褉	q 蓱 d 忙 r
谐邪懈谢訖	伞 蓱 i l 忙
懈褉-邪褌	i r 蓱 t
邪锌邪	蓱 p 蓱
邪斜褘泄	蓱 b 扫 j
褋械遥械谢	s e 艐 e l
褝薪械	e n e
写訖爷	d 忙 w
泻邪褉褌訖薪懈	q 蓱 r t 忙 n i
斜邪斜邪泄	b 蓱 b 蓱 j
薪訖薪訖泄	n 忙 n 忙 j
褌褍谐邪薪	t u 桑 蓱 n
泻芯写邪	q o d 蓱
泻芯写邪谐褘泄	q o d 蓱 桑 扫 j
写褍褋	d u s
泻爷褉褕械	k 酶 r 蕛 e
褌訖薪	t 忙 n
斜邪褕	b 蓱 蕛
泄萤蟹	j 酶 z
泻爷蟹	k 酶 z
斜芯褉褘薪	b o r 扫 n
邪胁褘蟹	蓱 w 扫 z
褌械谢	t e l
褌械褕	t e 蕛
泻芯谢邪泻	q o l 蓱 q
屑芯泄褘薪	m o j 扫 n
懈遥	i 艐
泻褍谢	q u l
邪褟泻	蓱 j 蓱 q
斜邪褉屑邪泻	b 蓱 r m 蓱 q
泄萤褉訖泻	j 酶 r 忙 k
爷锌泻訖	酶 p k 忙
斜邪胁褘褉	b 蓱 w 扫 r
斜懈谢	b i l
褌械蟹	t e z
邪褉泻邪薪	蓱 r q 蓱 n
褌懈褉械	t i r e
褔訖褔	t蕛 忙 t蕛
褋邪泻邪谢	s 蓱 q 蓱 l
褌邪褕	t 蓱 蕛
褌褍褎褉邪泻	t u f r 蓱 q
褋褍	s u
褍褌	u t
一邪胁邪	h 蓱 w 蓱
邪谐邪褔	蓱 伞 蓱 t蕛
褔訖褔訖泻	t蕛 忙 t蕛 忙 k
爷谢訖薪	酶 l 忙 n
褍褉屑邪薪	u r m 蓱 n
褌邪褍	t 蓱 w
械谢谐邪	j e l 伞 蓱
写懈遥谐械蟹	d i 艐 g e z
泻芯褟褕	q o j 蓱 蕛
邪泄	蓱 j
泄芯谢写褘蟹	j o l d 扫 z
斜芯谢褘褌	b o l 扫 t
褟遥谐褘褉	j 蓱 艐 桑 扫 r
泻邪褉	q 蓱 r
斜褍褉邪薪	b u r 蓱 n
写邪褍褘谢	d 蓱 w 扫 l
褝褋褋械	e s s e
褋邪谢泻褘薪	s 蓱 l q 扫 n
泻褘褕泻褘	q 扫 蕛 q 扫
褟蟹	j 蓱 z
卸訖泄	蕭 忙 j
泻萤蟹	k 酶 z
泻褘褕	q 扫 蕛
邪褌谢邪褉	蓱 t l 蓱 r
褋褘械褉	s 扫 j e r
褋邪褉褘泻	s 蓱 r 扫 q
泻褍褟薪	q u j 蓱 n
褝褌	e t
屑訖褔械	m 忙 t蕛 e
褌邪胁褘泻	t 蓱 w 扫 q
泻邪蟹	q 蓱 z
爷褉写訖泻	酶 r d 忙 k
褌芯褉薪邪	t o r n 蓱
泻邪褉谢褘谐邪褔	q 蓱 r l 扫 桑 蓱 t蕛
斜爷褉械	b 酶 r e
邪褞	蓱 j u
褌萤谢泻械	t 酶 l k e
写褍遥谐褘蟹	d u 艐 桑 扫 z
泻褍谢谢邪褉	q u l l 蓱 r
泄芯褉褌谢邪褉	j o r t l 蓱 r
邪锌邪谢邪褉	蓱 p 蓱 l 蓱 r
泻械褕械谢訖褉	k e 蕛 e l 忙 r
斜邪谢邪谢邪褉	b 蓱 l 蓱 l 蓱 r
写褍褋谢邪褉	d u s l 蓱 r
褍褉邪屑薪邪褉	u r 蓱 m n 蓱 r
邪谐邪褔谢邪褉	蓱 伞 蓱 t蕛 l 蓱 r
褌邪褕谢邪褉	t 蓱 蕛 l 蓱 r
泻懈褌邪锌谢邪褉	k i t 蓱 p l 蓱 r
屑訖泻褌訖锌谢訖褉	m 忙 k t 忙 p l 忙 r
写訖褉械褋谢訖褉	d 忙 r e s l 忙 r
泻褍谢褘屑	q u l 扫 m
泻褍谢褘遥	q u l 扫 艐
泻褍谢褘	q u l 扫
泻褍谢褘斜褘蟹	q u l 扫 b 扫 z
泻褍谢褘谐褘蟹	q u l 扫 伞 扫 z
泻褍谢谢邪褉褘	q u l l 蓱 r 扫
泻懈褌邪斜褘屑	k i t 蓱 b 扫 m
泻懈褌邪斜褘遥	k i t 蓱 b 扫 艐
泻懈褌邪斜褘	k i t 蓱 b 扫
泄芯褉褌褘屑	j o r t 扫 m
泄芯褉褌褘遥	j o r t 扫 艐
泄芯褉褌褘斜褘蟹	j o r t 扫 b 扫 z
萤械屑	酶 j e m
萤械遥	酶 j e 艐
萤械斜械蟹	酶 j e b e z
屑訖泻褌訖锌褌訖	m 忙 k t 忙 p t 忙
萤泄写訖	酶 j d 忙
褍褉邪屑写邪	u r 蓱 m d 蓱
邪胁褘谢写邪	蓱 w 扫 l d 蓱
褕訖一訖褉写訖	蕛 忙 h 忙 r d 忙
褍褉屑邪薪写邪	u r m 蓱 n d 蓱
泻懈褌邪锌薪褘	k i t 蓱 p n 扫
泻械褕械薪械	k e 蕛 e n e
斜邪谢邪薪褘	b 蓱 l 蓱 n 扫
泄芯褉褌薪褘	j o r t n 扫
萤泄薪械	酶 j n e
泻褍谢谐邪	q u l 伞 蓱
屑訖泻褌訖锌泻訖	m 忙 k t 忙 p k 忙
褕訖一訖褉谐訖	蕛 忙 h 忙 r g 忙
萤泄谐訖	酶 j g 忙
邪胁褘谢谐邪	蓱 w 扫 l 伞 蓱
泻褍谢写邪薪	q u l d 蓱 n
屑訖泻褌訖锌褌訖薪	m 忙 k t 忙 p t 忙 n
褕訖一訖褉写訖薪	蕛 忙 h 忙 r d 忙 n
萤泄写訖薪	酶 j d 忙 n
邪胁褘谢写邪薪	蓱 w 扫 l d 蓱 n
斜邪褉邪屑	b 蓱 r 蓱 m
斜邪褉邪褋褘遥	b 蓱 r 蓱 s 扫 艐
斜邪褉邪	b 蓱 r 蓱
斜邪褉邪斜褘蟹	b 蓱 r 蓱 b 扫 z
斜邪褉邪褋褘蟹	b 蓱 r 蓱 s 扫 z
斜邪褉邪谢邪褉	b 蓱 r 蓱 l 蓱 r
泻懈谢写械屑	k i l d e m
泻懈谢写械遥	k i l d e 艐
泻懈谢写械	k i l d e
泻懈谢写械泻	k i l d e k
泻懈谢写械谐械蟹	k i l d e g e z
泻懈谢写械谢訖褉	k i l d e l 忙 r
斜邪褉谐邪褔	b 蓱 r 伞 蓱 t蕛
泻懈谢谐訖褔	k i l g 忙 t蕛
斜邪褉褋邪	b 蓱 r s 蓱
泻懈谢褋訖	k i l s 忙
斜邪褉褘褉	b 蓱 r 扫 r
泻懈谢械褉	k i l e r
斜邪褉屑褘泄	b 蓱 r m 扫 j
泻懈谢屑懈	k i l m i
斜邪褉屑邪写褘	b 蓱 r m 蓱 d 扫
泻懈谢屑訖写械	k i l m 忙 d e
泻懈谢	k i l
泻懈谢械谐械蟹	k i l e g e z
斜邪褉褘谐褘蟹	b 蓱 r 扫 伞 扫 z
泻邪泄褌	q 蓱 j t
褟褏褕褘	j 蓱 x 蕛 扫
屑邪褌褍褉	m 蓱 t u r
蟹褍褉	z u r
泻械褔泻械薪訖	k e t蕛 k e n 忙
褟遥邪	j 蓱 艐 蓱
懈褋泻械	i s k e
芯蟹褘薪	o z 扫 n
泻褘褋泻邪	q 扫 s q 蓱
泻懈遥	k i 艐
褌邪褉	t 蓱 r
邪胁褘褉	蓱 w 扫 r
覘懈遥械谢	d蕭 i 艐 e l
泻懈褉訖泻	k i r 忙 k
屑萤屑泻懈薪	m 酶 m k i n
褌懈械褕	t i j e 蕛
褟褉褘泄	j 蓱 r 扫 j
褟褉邪屑褘泄	j 蓱 r 蓱 m 扫 j
写萤褉械褋	d 酶 r e s
褟谢谐邪薪	j 蓱 l 伞 蓱 n
褔褘薪	t蕛 扫 n
写萤褉械褋	d 酶 r e s
褉訖褏屑訖褌	r 忙 x m 忙 t
蟹懈薪一邪褉	z i n h 蓱 r
谐邪褎褍	伞 蓱 f u
褋訖谢邪屑	s 忙 l 忙 m
褏訖械褉谢械	x 忙 j r l e
懈褋訖薪屑械褋械蟹	i s 忙 n m e s e z
褏褍褕褘谐褘蟹	x u 蕛 扫 伞 扫 z
褋邪褍 斜褍谢褘谐褘蟹	s 蓱 w b u l 扫 伞 扫 z
訖泄械	忙 j e
褞泻	j u q
薪懈褔械泻 褋械蟹	n i t蕛 e k s e z
褟褏褕褘 屑褘	j 蓱 x 蕛 扫 m 扫
薪懈薪写懈	n i n d i
泻邪泄褋褘	q 蓱 j s 扫
薪懈褔訖 褟褕褜褌訖	n i t蕛 忙 j 忙 蕛 t 忙
褍褉褘褋	u r 扫 s
褌邪褌邪褉	t 蓱 t 蓱 r
斜邪褕泻芯褉褌	b 蓱 蕛 q o r t
泻邪蟹邪褏	q 蓱 z 蓱 x
褌萤褉械泻	t 酶 r e k
谐邪褉訖锌	伞 蓱 r 忙 p
懈薪谐谢懈蟹	i 艐 伞 l i z
薪械屑械褑	n e m e ts
褉褍褋	r u s
袣邪蟹邪薪	q 蓱 z 蓱 n
袦訖褋泻訖爷	m 忙 s k 忙 w
校褎邪	u f 蓱
袨褉械薪斜褍褉谐	o r e n b u r 伞
效懈谢訖斜械	t蕛 i l 忙 b e
袩懈褌褉訖褔	p i t r 忙 t蕛
袗褉褔邪	蓱 r t蕛 蓱
袗谢邪斜褍谐邪	蓱 l 蓱 b u 伞 蓱
袧褍褉谢邪褌	n u r l 蓱 t
袥械薪懈薪芯谐芯褉褋泻	l e n i n o 伞 o r s k
褝褕	e 蕛
蟹邪胁芯写	z 蓱 w o d
褎邪斜褉懈泻邪	f 蓱 b r i q 蓱
屑邪谐邪蟹懈薪	m 蓱 伞 蓱 z i n
泻懈斜械褌	k i b e t
斜邪蟹邪褉	b 蓱 z 蓱 r
褏邪褋褌邪褏邪薪訖	x 蓱 s t 蓱 x 蓱 n 忙
锌芯谢懈泻谢懈薪懈泻邪	p o l i k l i n i q 蓱
邪锌褌械泻邪	蓱 p t e q 蓱
斜邪薪泻	b 蓱 艐 k
锌芯褔褌邪	p o t蕛 t 蓱
褌褉邪薪褋锌芯褉褌	t r 蓱 n s p o r t
邪胁褌芯斜褍褋	蓱 w t o b u s
褌褉邪屑胁邪泄	t r 蓱 m w 蓱 j
锌芯械蟹写	p o j e z d
褋邪屑芯谢械褌	s 蓱 m o l j o t
屑邪褕懈薪邪	m 蓱 蕛 i n 蓱
胁械谢芯褋懈锌械写	w e l o s i p e d
褌懈屑械褉 褞谢	t i m e r j u l
写芯泻褍屑械薪褌	d o k u m e n t
锌邪褋锌芯褉褌	p 蓱 s p o r t
邪泻褔邪	蓱 q t蕛 蓱
褋褍屑	s u m
褌懈械薪	t i j e n
斜訖褟	b 忙 j 忙
褏邪泻	x 蓱 q
邪褉蟹邪薪	蓱 r z 蓱 n
泻褘泄屑屑訖褌	q 扫 j m m 忙 t
褋邪褌褍	s 蓱 t u
邪谢褍	蓱 l u
斜懈褉爷	b i r 酶
褌爷谢訖爷	t 酶 l 忙 w
泻萤薪斜邪谐褘褕	k 酶 n b 蓱 桑 扫 蕛
锌械褕械褉爷	p e 蕛 e r 酶
斜械褕械褉爷	b e 蕛 e r 酶
邪褕邪屑谢褘泻	蓱 蕛 蓱 m l 扫 q
褝褔械屑谢械泻	e t蕛 e m l e k
褋褘泄	s 扫 j
褌褍泄	t u j
斜訖泄褉訖屑	b 忙 j r 忙 m
褌褍谐邪薪 泻萤薪	t u 桑 蓱 n k 酶 n
屑訖覘谢械褋	m 忙 d蕭 l e s
屑械褔械褌褜	m e t蕛 e t
薪邪屑邪蟹	n 蓱 m 蓱 z
褍褉邪蟹邪	u r 蓱 z 蓱
泻芯褉斜邪薪	q o r b 蓱 n
小邪斜邪薪褌褍泄	s 蓱 b 蓱 n t u j
屑訖写訖薪懈褟褌	m 忙 d 忙 n i j 忙 t
褋訖薪谐邪褌褜	s 忙 艐 伞 忙 t
屑褍蟹褘泻邪	m u z 扫 q 蓱
覘褘褉	d蕭 扫 r
斜懈褞	b i j u
褕懈谐褘褉褜	蕛 i 桑 扫 r
泻懈褌邪锌	k i t 蓱 p
褌邪褉懈褏	t 蓱 r i x
褌械谢	t e l
褎訖薪	f 忙 n
屑訖谐邪褉懈褎	m 忙 伞 蓱 r i f
斜械谢械屑	b e l e m
褍泻褘褌褍	u q 扫 t u
褌懈泻褕械褉爷	t i k 蕛 e r 酶
褍泄谢邪褍	u j l 蓱 w
邪遥谢邪褌褍	蓱 艐 l 蓱 t u
斜械谢写械褉爷	b e l d e r 酶
褋萤泄谢訖褕爷	s 酶 j l 忙 蕛 酶
褌邪薪褘褕褍	t 蓱 n 扫 蕛 u
芯褔褉邪褕褍	o t蕛 r 蓱 蕛 u
褏褍褕谢邪褕褍	x u 蕛 l 蓱 蕛 u
泻懈褔械褉爷	k i t蕛 e r 酶
褟褉写訖屑	j 蓱 r d 忙 m
褘褕邪薪褍	扫 蕛 蓱 n u
褟褉邪褌邪屑	j 蓱 r 蓱 t 蓱 m
褋萤褟屑	s 酶 j 忙 m
褟褉邪褌邪褋褘屑	j 蓱 r 蓱 t 蓱 s 扫 m
萤屑械褌械屑	酶 m e t e m
褍泄	u j
褏褘褟谢	x 扫 j 蓱 l
褏懈褋	x i s
褕邪褌谢褘泻	蕛 蓱 t l 扫 q
泻邪泄谐褘	q 蓱 j 伞 扫
泻褍邪薪褘褔	q u 蓱 n 扫 t蕛
斜芯褉褔褍	b o r t蕛 u
泻褍褉泻褘薪褘褔	q u r q 扫 n 扫 t蕛
褟褏褕褘谢褘泻	j 蓱 x 蕛 扫 l 扫 q
薪邪褔邪褉谢褘泻	n 蓱 t蕛 蓱 r l 扫 q
写萤褉械褋谢械泻	d 酶 r e s l e k
谐邪写械谢谢械泻	伞 蓱 d e l l e k
懈褉械泻谢械泻	i r e k l e k
褌懈谐械蟹谢械泻	t i 伞 e z l e k
斜械褉谢械泻	b e r l e k
褏邪谢褘泻	x 蓱 l 扫 q
屑懈谢谢訖褌	m i l l 忙 t
写訖爷谢訖褌	d 忙 w l 忙 t
袪芯褋褋懈褟	r o s s i j 蓱
孝邪褌邪褉褋褌邪薪	t 蓱 t 蓱 r s t 蓱 n
锌褉械蟹懈写械薪褌	p r e z i d e n t
褏萤泻爷屑訖褌	x 酶 k 酶 m 忙 t
蟹邪泻芯薪	z 蓱 q o n
褏芯泻褍泻	x o q u q
褋邪泄谢邪褍谢邪褉	s 蓱 j l 蓱 w l 蓱 r
褌邪胁褘褕	t 蓱 w 扫 蕛
褋褍谐褘褕	s u 桑 扫 蕛
褋芯谢褘褏	s o l 扫 x
写褍褋谢褘泻	d u s l 扫 q
褏械蟹屑訖褌	x e z m 忙 t
褏械蟹屑訖褌褔械	x e z m 忙 t t蕛 e
褝褕褔械	e 蕛 t蕛 e
褎械褉屑械褉	f e r m e r
褍泻褘褌褍褔褘	u q 扫 t u t蕛 扫
褌邪斜懈斜	t 蓱 b i b
懈薪卸械薪械褉	i n d蕭 e n e r
褉訖褋褋邪屑	r 忙 s s 蓱 m
褟蟹褍褔褘	j 蓱 z u t蕛 扫
褕邪谐褘泄褉褜	蕛 蓱 伞 扫 j r
邪褉褌懈褋褌	蓱 r t i s t
屑褍蟹褘泻邪薪褌	m u z 扫 q 蓱 n t
褋锌芯褉褌褔褘	s p o r t t蕛 扫
褍泻褘屑褘褕谢褘	u q 扫 m 扫 蕛 l 扫
褌邪锌泻褘褉	t 蓱 p q 扫 r
邪泻褘谢谢褘	蓱 q 扫 l l 扫
褋邪斜褘褉	s 蓱 b 扫 r
褟斜褘泻	j 蓱 b 扫 q
邪褔褘泻	蓱 t蕛 扫 q
泻褘褞	q 扫 j u
泻褍褉泻邪泻	q u r q 蓱 q
褕邪褌	蕛 蓱 t
屑芯遥褋褍	m o 艐 s u
褋邪谢泻褘薪	s 蓱 l q 扫 n
褝褋褋械	e s s e
邪胁褘褉褌邪	蓱 w 扫 r t 蓱
邪胁褘褉褘泄	蓱 w 扫 r 扫 j
褋邪褍	s 蓱 w
褔懈褉	t蕛 i r
褌訖薪薪械遥	t 忙 n n e 艐
褋訖谢邪屑訖褌	s 忙 l 忙 m 忙 t
写邪褉褍	d 蓱 r u
写訖胁邪谢邪薪褍	d 忙 w 蓱 l 蓱 n u
泄芯泻褘	j o q 扫
邪褉褘薪褍	蓱 r 扫 n u
褟谢	j 蓱 l
褍械薪	u j e n
褋锌芯褉褌	s p o r t
褎褍褌斜芯谢	f u t b o l
褏芯泻泻械泄	x o k k e j
泄萤蟹爷	j 酶 z 酶
泄萤谐械褉爷	j 酶 g e r 酶
褋懈泻械褉爷	s i k e r 酶
邪褌褘褕褍	蓱 t 扫 蕛 u
褍泻褍	u q u
褟蟹褍	j 蓱 z u
懈褋訖锌谢訖爷	i s 忙 p l 忙 w
泻懈褋爷	k i s 酶
褟褋邪褍	j 蓱 s 蓱 w
泻芯褉邪褍	q o r 蓱 w
褋褘薪邪褌褍	s 扫 n 蓱 t u
褋訖褟褏訖褌	s 忙 j 蓱 x 忙 t
泻懈谢械褕	k i l e 蕛
褉訖胁械褕	r 忙 w e 蕛
褋褘泄褎邪褌	s 扫 j f 蓱 t
懈褋械屑	i s e m
褎懈谐褘谢褜	f i 桑 扫 l
泻懈褋訖泻	k i s 忙 k
褋爷蟹	s 酶 z
褋爷蟹谢械泻	s 酶 z l e k
褌訖褉覘械屑訖	t 忙 r d蕭 e m 忙
邪胁邪蟹	蓱 w 蓱 z
褏訖褉械褎	x 忙 r e f
褋爷蟹褌械蟹屑訖	s 酶 z t e z m 忙
褌械蟹屑訖	t e z m 忙
褋萤泄谢訖屑	s 酶 j l 忙 m
褏懈泻訖褟	x i k 忙 j 忙
褉芯屑邪薪	r o m 蓱 n
褕懈谐褘褉褜	蕛 i 桑 扫 r
薪訖褋械褉	n 忙 s e r
谐邪蟹械褌邪	伞 蓱 z e t 蓱
卸褍褉薪邪谢	d蕭 u r n 蓱 l
褏訖斜訖褉	x 忙 b 忙 r
褋邪泄褌	s 蓱 j t
懈薪褌械褉薪械褌	i n t e r n e t
泻芯屑锌褜褞褌械褉	k o m p j u t e r
褌械谢械褎芯薪	t e l e f o n
褝褕 褍褉褘薪褘	e 蕛 u r 扫 n 扫
写邪褌邪	d 蓱 t 蓱
胁邪泻褘褌	w 蓱 q 扫 t
褌邪褉懈褏	t 蓱 r i x
谐邪褋褘褉	伞 蓱 s 扫 r
械谢	j e l
邪泄	蓱 j
邪褌薪邪	蓱 t n 蓱
褌訖爷谢械泻	t 忙 w l e k
褋訖谐邪褌褜	s 忙 伞 忙 t
屑懈薪褍褌	m i n u t
褋械泻褍薪写	s e k u n d
懈褉褌訖薪	i r t 忙 n
泻萤薪写械蟹	k 酶 n d e z
泻懈褔械薪	k i t蕛 e n
褌萤薪谢訖薪	t 酶 n l 忙 n
写爷褕訖屑斜械	d 酶 蕛 忙 m b e
褋懈褕訖屑斜械	s i 蕛 忙 m b e
褔訖褉褕訖屑斜械	t蕛 忙 r 蕛 忙 m b e
锌訖薪覘械褕訖屑斜械	p 忙 n d蕭 e 蕛 忙 m b e
覘芯屑谐邪	d蕭 o m 伞 蓱
褕懈屑斜訖	蕛 i m b 忙
褟泻褕訖屑斜械	j 蓱 q 蕛 忙 m b e
谐褘泄薪胁邪褉	桑 扫 j n w 蓱 r
褎械胁褉邪谢褜	f e w r 蓱 l
屑邪褉褌	m 蓱 r t
邪锌褉械谢褜	蓱 p r e l
屑邪泄	m 蓱 j
懈褞薪褜	i j u n
懈褞谢褜	i j u l
邪胁谐褍褋褌	蓱 w 伞 u s t
褋械薪褌褟斜褉褜	s e n t j 蓱 b r
芯泻褌褟斜褉褜	o k t j 蓱 b r
薪芯褟斜褉褜	n o j 蓱 b r
写械泻邪斜褉褜	d e k 蓱 b r
褟蟹	j 蓱 z
卸訖泄	蕭 忙 j
泻萤蟹	k 酶 z
泻褘褕	q 扫 蕛
褋械胁械褉写邪	s e w e r d 蓱
泻萤薪褜褟泻褌邪	k 酶 n j 蓱 q t 蓱
泻萤薪褔褘谐褘褕褌邪	k 酶 n t蕛 扫 伞 扫 蕛 t 蓱
泻萤薪斜邪褌褘褕褌邪	k 酶 n b 蓱 t 扫 蕛 t 蓱
邪褋泻邪褉邪泻	蓱 s q 蓱 r 蓱 q
萤褋泻訖褉訖泻	酶 s k 忙 r 忙 k
邪谢谐邪褉邪泻	蓱 l 伞 蓱 r 蓱 q
邪褉褌褉邪泻泻邪	蓱 r t r 蓱 q q 蓱
褍薪写邪	u n d 蓱
屑芯薪写邪	m o n d 蓱
邪薪写邪	蓱 n d 蓱
褕褍薪写邪	蕛 u n d 蓱
褌械谐械薪写訖	t e g e n d 忙
斜邪褉褘褋褘	b 蓱 r 扫 s 扫
斜萤褌械薪械褋械	b 酶 t e n e s e
斜械褉薪懈褔訖	b e r n i t蕛 忙
泻邪泄斜械褉訖爷械	q 蓱 j b e r 忙 w e
斜械褉褋械	b e r s e
斜械褉薪懈	b e r n i
斜械褉薪懈薪写懈	b e r n i n d i
邪谢邪泄	蓱 l 蓱 j
斜芯谢邪泄	b o l 蓱 j
褕褍谢邪泄	蕛 u l 蓱 j
褕褍谢邪泄 写邪	蕛 u l 蓱 j d 蓱
谢訖泻懈薪	l 忙 k i n
訖	忙
邪屑	蓱 m
褟懈褋訖	j 蓱 i s 忙
邪薪薪邪褉褘	蓱 n n 蓱 r 扫
邪薪薪邪薪 褋芯遥	蓱 n n 蓱 n s o 艐
褔萤薪泻懈	t蕛 酶 n k i
薪訖泻褗	n 忙 q
斜邪褉褘 褌懈泻	b 蓱 r 扫 t i k
褕褍遥邪 泻爷褉訖	蕛 u 艐 蓱 k 酶 r 忙
褕褍遥邪	蕛 u 艐 蓱
屑芯遥邪	m o 艐 蓱
邪遥邪	蓱 艐 蓱
褕褍谢邪泄 懈褌械锌	蕛 u l 蓱 j i t e p
